<code_scheme name="dubbo_codestyle">
    <option name="CLASS_COUNT_TO_USE_IMPORT_ON_DEMAND" value="99"/>
    <option name="NAMES_COUNT_TO_USE_IMPORT_ON_DEMAND" value="99"/>
    <option name="IMPORT_LAYOUT_TABLE">
        <value>
            <package name="org.apache.dubbo" withSubpackages="true" static="false"/>
            <emptyLine/>
            <package name="" withSubpackages="true" static="false"/>
            <emptyLine/>
            <package name="javax" withSubpackages="true" static="false"/>
            <package name="java" withSubpackages="true" static="false"/>
            <emptyLine/>
            <package name="" withSubpackages="true" static="true"/>
        </value>
    </option>
</code_scheme>